month,speed_band,n,cov,se,deviation,beyond_2se
2024-01,<35,11401,0.9662310323655819,0.001691717764771302,0.06623103236558192,True
2024-01,35–44,11513,0.9488404412403371,0.0020533630190333126,0.04884044124033704,True
2024-01,45–54,8998,0.9309846632585019,0.002672213012981504,0.03098466325850191,True
2024-01,55–64,7054,0.7879217465267933,0.004867118105784042,-0.11207825347320677,True
2024-01,65–69,4138,0.8634606089898502,0.005337710341964442,-0.0365393910101498,True
2024-01,≥70,4638,0.6733505821474773,0.006886462582282875,-0.22664941785252268,True
2024-02,<35,11622,0.9688521769058682,0.0016113956015742102,0.0688521769058682,True
2024-02,35–44,11255,0.9458018658374056,0.0021341232705252133,0.04580186583740553,True
2024-02,45–54,8702,0.9310503332567226,0.0027160835559130896,0.031050333256722573,True
2024-02,55–64,6590,0.7918057663125948,0.0050015080388446966,-0.10819423368740522,True
2024-02,65–69,3392,0.8528891509433962,0.006081920294228182,-0.04711084905660379,True
2024-02,≥70,4049,0.6791800444554211,0.00733582998023244,-0.2208199555445789,True
2024-03,<35,11285,0.9646433318564466,0.0017384742714002947,0.06464333185644655,True
2024-03,35–44,12841,0.9491472626742465,0.0019387622033405867,0.04914726267424652,True
2024-03,45–54,10268,0.932021815348656,0.0024840188673658,0.032021815348656,True
2024-03,55–64,7036,0.7812677657760091,0.004928257961997358,-0.11873223422399093,True
2024-03,65–69,3633,0.8557665840902835,0.005828783274679162,-0.04423341590971652,True
2024-03,≥70,4468,0.69136078782453,0.0069106888664940015,-0.20863921217547,True
2024-04,<35,10887,0.9666574813998347,0.0017206058606622527,0.06665748139983463,True
2024-04,35–44,13561,0.9490450556743603,0.0018883857876513255,0.04904505567436024,True
2024-04,45–54,10820,0.9379852125693161,0.0023186329065872703,0.037985212569316085,True
2024-04,55–64,6667,0.799910004499775,0.004899683462759608,-0.10008999550022502,True
2024-04,65–69,3538,0.8501978518937253,0.005999846062869364,-0.0498021481062747,True
2024-04,≥70,4175,0.6900598802395209,0.007157379541271074,-0.2099401197604791,True
2024-05,<35,11107,0.9692086071846583,0.0016391734545502471,0.06920860718465827,True
2024-05,35–44,14182,0.9495134677760542,0.0018385252325928067,0.04951346777605414,True
2024-05,45–54,11562,0.9395433316035288,0.0022164810881253874,0.03954333160352874,True
2024-05,55–64,7068,0.803763440860215,0.004723955674555136,-0.09623655913978502,True
2024-05,65–69,3793,0.8618507777484841,0.005602718979552039,-0.03814922225151596,True
2024-05,≥70,4709,0.6863452962412402,0.006761341754162239,-0.21365470375875983,True
2024-06,<35,9679,0.9656989358404794,0.0018499476054448995,0.06569893584047937,True
2024-06,35–44,12345,0.947347104090725,0.002010111508237332,0.047347104090724956,True
2024-06,45–54,10192,0.9375981161695447,0.0023959486492480925,0.03759811616954467,True
2024-06,55–64,6382,0.7999059855844562,0.005007928527549507,-0.10009401441554377,True
2024-06,65–69,3422,0.8594389246054939,0.0059415539186790075,-0.04056107539450615,True
2024-06,≥70,4003,0.6832375718211342,0.007352921118952489,-0.21676242817886582,True
2024-07,<35,9514,0.9636325415177633,0.001919245942276131,0.06363254151776332,True
2024-07,35–44,12357,0.9478028647730031,0.0020009020038702875,0.047802864773003106,True
2024-07,45–54,10007,0.9355451184171081,0.0024547559763590148,0.03554511841710806,True
2024-07,55–64,6247,0.8194333279974387,0.00486675916805227,-0.08056667200256129,True
2024-07,65–69,3482,0.867892016082711,0.005738296645562609,-0.032107983917288974,True
2024-07,≥70,4309,0.6885588303550708,0.007054565821603494,-0.2114411696449292,True
2024-08,<35,11191,0.9661335001340363,0.0017098943602838644,0.0661335001340363,True
2024-08,35–44,13880,0.9503602305475505,0.0018435896951491987,0.050360230547550455,True
2024-08,45–54,11016,0.9407225853304285,0.002249901207781572,0.040722585330428496,True
2024-08,55–64,6858,0.8089822105570137,0.00474687344046573,-0.09101778944298633,True
2024-08,65–69,3451,0.8664155317299334,0.00579120072406815,-0.03358446827006667,True
2024-08,≥70,4017,0.687328852377396,0.007314342209550948,-0.21267114762260397,True
2024-09,<35,11071,0.9702827206214434,0.0016138391502559582,0.07028272062144336,True
2024-09,35–44,13781,0.9476090269211233,0.0018980273257753993,0.04760902692112323,True
2024-09,45–54,10793,0.9408876123413323,0.002270058439474335,0.04088761234133231,True
2024-09,55–64,6671,0.8088742317493629,0.0048139841042804206,-0.09112576825063712,True
2024-09,65–69,3540,0.8686440677966102,0.005677330061948787,-0.031355932203389836,True
2024-09,≥70,4009,0.6797206285856822,0.007369053012092396,-0.22027937141431786,True
2024-10,<35,12001,0.9639196733605533,0.001702342471888514,0.06391967336055326,True
2024-10,35–44,14950,0.9511705685618729,0.0017625824407495252,0.05117056856187285,True
2024-10,45–54,11861,0.9368518674648006,0.0022333411414937328,0.036851867464800625,True
2024-10,55–64,7418,0.802642221623079,0.0046210930127392,-0.09735777837692106,True
2024-10,65–69,3924,0.859072375127421,0.005554544415586017,-0.04092762487257906,True
2024-10,≥70,4201,0.6662699357295881,0.007275225075434672,-0.23373006427041187,True
2024-11,<35,10611,0.9677692960135709,0.0017145204050397708,0.06776929601357085,True
2024-11,35–44,13523,0.947718701471567,0.001914151835686992,0.04771870147156698,True
2024-11,45–54,11168,0.9370522922636103,0.0022981806882672227,0.03705229226361029,True
2024-11,55–64,7127,0.797811140732426,0.00475746147223874,-0.10218885926757404,True
2024-11,65–69,3873,0.8484379034340305,0.0057621105292441,-0.05156209656596955,True
2024-11,≥70,4589,0.6522118108520375,0.007030605270379586,-0.24778818914796252,True
2024-12,<35,10864,0.9691642120765832,0.0016585605491594726,0.06916421207658319,True
2024-12,35–44,13752,0.9506980802792321,0.0018461640582896031,0.05069808027923206,True
2024-12,45–54,11313,0.9368867674356934,0.002286203426253498,0.03688676743569341,True
2024-12,55–64,7188,0.7902058987200891,0.004802448717295927,-0.10979410127991096,True
2024-12,65–69,3708,0.8441208198489751,0.0059569849074250164,-0.05587918015102489,True
2024-12,≥70,4445,0.6769403824521935,0.007014240713817652,-0.22305961754780657,True
2025-01,<35,9249,0.9670234619958914,0.0018568364199550908,0.06702346199589138,True
2025-01,35–44,11584,0.9466505524861878,0.0020880001957173135,0.04665055248618777,True
2025-01,45–54,9270,0.9323624595469255,0.0026082332419670525,0.032362459546925515,True
2025-01,55–64,6135,0.7973920130399348,0.0051316489353272245,-0.10260798696006523,True
2025-01,65–69,3339,0.8571428571428571,0.006055770048561392,-0.04285714285714293,True
2025-01,≥70,3773,0.6615425390935595,0.007703490145357141,-0.2384574609064405,True
2025-02,<35,9376,0.9671501706484642,0.00184079199036238,0.06715017064846418,True
2025-02,35–44,11191,0.9467429184165848,0.0021226102973803188,0.04674291841658473,True
2025-02,45–54,9346,0.9391183393965333,0.002473378135549775,0.03911833939653331,True
2025-02,55–64,5929,0.799966267498735,0.005195133729268366,-0.10003373250126502,True
2025-02,65–69,3006,0.8589487691284099,0.006348594417526082,-0.04105123087159013,True
2025-02,≥70,3217,0.6907056263599627,0.008149049883967698,-0.20929437364003733,True
2025-03,<35,11263,0.9630649027790109,0.0017771347503787508,0.06306490277901089,True
2025-03,35–44,13496,0.9479845880260818,0.001911455205491592,0.04798458802608174,True
2025-03,45–54,10880,0.9384191176470589,0.0023046603456839863,0.038419117647058854,True
2025-03,55–64,7104,0.8023648648648649,0.0047246163939217885,-0.09763513513513511,True
2025-03,65–69,3884,0.8550463439752832,0.005648976959360008,-0.04495365602471679,True
2025-03,≥70,4179,0.68030629337162,0.007214115682486888,-0.21969370662838006,True
2025-04,<35,10919,0.9678541991024819,0.001688012512551105,0.06785419910248192,True
2025-04,35–44,13123,0.9520688866874952,0.0018647747512922628,0.05206888668749521,True
2025-04,45–54,10601,0.9377417224790114,0.0023467496021175693,0.03774172247901142,True
2025-04,55–64,6887,0.8042689124437346,0.004780964337572552,-0.09573108755626547,True
2025-04,65–69,3551,0.8659532526049001,0.005717419097311177,-0.03404674739509994,True
2025-04,≥70,4097,0.6905052477422504,0.007222327113135657,-0.2094947522577496,True
2025-05,<35,11409,0.9667806117977036,0.001677783777971335,0.06678061179770356,True
2025-05,35–44,13862,0.9528206607993075,0.0018008127734500366,0.05282066079930747,True
2025-05,45–54,10945,0.9443581544084056,0.0021910952016744663,0.044358154408405626,True
2025-05,55–64,7129,0.7967456866320662,0.0047661251122261316,-0.10325431336793378,True
2025-05,65–69,3862,0.8736406007250129,0.005346431981000062,-0.026359399274987094,True
2025-05,≥70,4066,0.6812592228234137,0.007307878594890695,-0.21874077717658635,True
2025-06,<35,9779,0.963799979548011,0.0018888637904798879,0.06379997954801098,True
2025-06,35–44,11673,0.9518547074445302,0.001981394728859264,0.051854707444530135,True
2025-06,45–54,9546,0.9341085271317829,0.0025392330434874004,0.03410852713178292,True
2025-06,55–64,6224,0.8113753213367609,0.004958785944507926,-0.08862467866323909,True
2025-06,65–69,3477,0.8636755823986195,0.005819153333455824,-0.0363244176013805,True
2025-06,≥70,3985,0.6808030112923463,0.007384582792088152,-0.2191969887076537,True
2025-07,<35,9748,0.960299548625359,0.0019776221804588645,0.06029954862535902,True
2025-07,35–44,11843,0.9479861521573926,0.00204046722581816,0.04798615215739255,True
2025-07,45–54,9776,0.9379091653027823,0.002440695174771288,0.03790916530278232,True
2025-07,55–64,6328,0.8064159292035398,0.004966850896410111,-0.09358407079646025,True
2025-07,65–69,3575,0.862097902097902,0.005766678075541979,-0.037902097902097975,True
2025-07,≥70,4092,0.7038123167155426,0.007137467048182524,-0.19618768328445746,True
2025-08,<35,11172,0.966344432509846,0.0017061961980036585,0.06634443250984601,True
2025-08,35–44,12986,0.9502541198213461,0.0019079225500790989,0.05025411982134609,True
2025-08,45–54,10660,0.9371482176360225,0.002350630345735692,0.037148217636022496,True
2025-08,55–64,6743,0.8057244549903604,0.0048180994592942,-0.09427554500963964,True
2025-08,65–69,3725,0.87248322147651,0.005465112038087966,-0.027516778523489993,True
2025-08,≥70,4135,0.6933494558645708,0.007170677694710637,-0.20665054413542927,True
2025-09,<35,11136,0.9669540229885057,0.001693938346158558,0.06695402298850572,True
2025-09,35–44,13048,0.950567136725935,0.0018976989055181945,0.050567136725934936,True
2025-09,45–54,10660,0.9401500938086303,0.0022974799580458404,0.04015009380863033,True
2025-09,55–64,6822,0.8100263852242744,0.004749417722103218,-0.08997361477572563,True
2025-09,65–69,3677,0.8577644819146043,0.005760248826524743,-0.04223551808539572,True
2025-09,≥70,3907,0.6908113642180701,0.007393835645343729,-0.20918863578192992,True
2025-10,<35,12121,0.9656793993894893,0.0016535780452722295,0.0656793993894893,True
2025-10,35–44,14574,0.9522437216961712,0.0017664441613170763,0.0522437216961712,True
2025-10,45–54,12003,0.941847871365492,0.002136132981531489,0.04184787136549195,True
2025-10,55–64,7595,0.8027649769585253,0.004565857329898224,-0.09723502304147469,True
2025-10,65–69,4015,0.852054794520548,0.005603268518990858,-0.047945205479452024,True
2025-10,≥70,4455,0.677665544332211,0.007002243577557668,-0.22233445566778898,True
2025-11,<35,10777,0.9670594785190684,0.0017192652555598326,0.06705947851906835,True
2025-11,35–44,12883,0.9433361794613055,0.0020369373368485585,0.043336179461305524,True
2025-11,45–54,10813,0.9396097290298715,0.002290783994764841,0.03960972902987148,True
2025-11,55–64,7180,0.7873259052924791,0.004829168341750019,-0.11267409470752088,True
2025-11,65–69,3736,0.8634903640256959,0.005617032907911601,-0.03650963597430412,True
2025-11,≥70,4639,0.6591937917654667,0.006959020514056092,-0.24080620823453336,True
2025-12,<35,10321,0.9618254045150664,0.0018861422990998757,0.06182540451506635,True
2025-12,35–44,12430,0.9507642799678198,0.0019406222701136102,0.050764279967819737,True
2025-12,45–54,10652,0.9338152459631994,0.0024087619421720363,0.0338152459631994,True
2025-12,55–64,6726,0.8012191495688373,0.004866138895569086,-0.09878085043116269,True
2025-12,65–69,3438,0.8472949389179756,0.006134668299827795,-0.05270506108202444,True
2025-12,≥70,3979,0.6722794672028147,0.007441145218745058,-0.2277205327971853,True
