hour,speed_bin,n,cov_marginal,cov_mondrian,cov_declared
0.000000,15,108,0.888889,0.879630,0.879630
0.000000,20,148,0.885135,0.844595,0.885135
0.000000,25,165,0.830303,0.775758,0.824242
0.000000,30,2192,0.866332,0.812044,0.859489
0.000000,35,2009,0.822300,0.754604,0.915381
0.000000,40,1305,0.668966,0.617625,0.855172
0.000000,45,1899,0.682464,0.688257,0.856240
0.000000,50,461,0.542299,0.629067,0.752711
0.000000,55,818,0.424205,0.539120,0.842298
0.000000,60,1187,0.541702,0.527380,0.893008
0.000000,65,1126,0.514210,0.523091,0.915631
0.000000,70,857,0.423571,0.439907,0.931155
0.000000,75,662,0.351964,0.450151,0.858006
0.000000,80,52,0.365385,0.480769,0.788462
1.000000,15,98,0.928571,0.918367,0.928571
1.000000,20,103,0.893204,0.844660,0.893204
1.000000,25,134,0.843284,0.820896,0.835821
1.000000,30,1869,0.876404,0.823435,0.872659
1.000000,35,1621,0.816163,0.753239,0.894510
1.000000,40,1151,0.693310,0.639444,0.856646
1.000000,45,1512,0.699735,0.696429,0.855820
1.000000,50,386,0.556995,0.624352,0.777202
1.000000,55,706,0.402266,0.490085,0.821530
1.000000,60,1016,0.489173,0.498031,0.860236
1.000000,65,1030,0.514563,0.515534,0.904854
1.000000,70,732,0.426230,0.445355,0.889344
1.000000,75,622,0.339228,0.435691,0.848875
1.000000,80,45,0.466667,0.444444,0.933333
2.000000,15,98,0.918367,0.918367,0.918367
2.000000,20,142,0.908451,0.852113,0.894366
2.000000,25,155,0.825806,0.748387,0.819355
2.000000,30,2244,0.868538,0.819073,0.864528
2.000000,35,2009,0.826282,0.769039,0.893479
2.000000,40,1264,0.663766,0.620253,0.824367
2.000000,45,1807,0.659103,0.662424,0.829552
2.000000,50,460,0.534783,0.586957,0.706522
2.000000,55,799,0.455569,0.545682,0.837297
2.000000,60,1286,0.505443,0.500778,0.890358
2.000000,65,1342,0.502235,0.497765,0.894933
2.000000,70,923,0.410618,0.429036,0.901408
2.000000,75,612,0.400327,0.501634,0.887255
2.000000,80,32,0.375000,0.500000,0.781250
3.000000,15,60,0.933333,0.916667,0.933333
3.000000,20,80,0.900000,0.837500,0.900000
3.000000,25,80,0.850000,0.812500,0.837500
3.000000,30,1290,0.884496,0.823256,0.879845
3.000000,35,1128,0.830674,0.760638,0.907801
3.000000,40,687,0.672489,0.614265,0.838428
3.000000,45,1091,0.698442,0.683776,0.849679
3.000000,50,301,0.528239,0.581395,0.720930
3.000000,55,563,0.424512,0.507993,0.836590
3.000000,60,910,0.490110,0.498901,0.870330
3.000000,65,998,0.474950,0.488978,0.909820
3.000000,70,755,0.433113,0.443709,0.898013
3.000000,75,600,0.338333,0.463333,0.846667
3.000000,80,36,0.305556,0.416667,0.888889
4.000000,15,45,0.933333,0.933333,0.933333
4.000000,20,58,0.913793,0.913793,0.913793
4.000000,25,57,0.894737,0.859649,0.877193
4.000000,30,974,0.858316,0.817248,0.853183
4.000000,35,900,0.822222,0.760000,0.900000
4.000000,40,597,0.681742,0.658291,0.854271
4.000000,45,975,0.706667,0.692308,0.841026
4.000000,50,252,0.591270,0.607143,0.753968
4.000000,55,591,0.445008,0.538071,0.847716
4.000000,60,813,0.496925,0.515375,0.886839
4.000000,65,938,0.497868,0.524520,0.915778
4.000000,70,785,0.389809,0.434395,0.901911
4.000000,75,665,0.377444,0.466165,0.888722
4.000000,80,47,0.425532,0.489362,0.978723
5.000000,15,34,0.970588,0.941176,0.970588
5.000000,20,63,0.952381,0.873016,0.936508
5.000000,25,90,0.955556,0.888889,0.955556
5.000000,30,1199,0.919099,0.859049,0.916597
5.000000,35,1387,0.886806,0.819755,0.950252
5.000000,40,1074,0.807263,0.750466,0.925512
5.000000,45,1716,0.820513,0.823427,0.926573
5.000000,50,598,0.767559,0.871237,0.909699
5.000000,55,1091,0.654445,0.736939,0.911091
5.000000,60,1448,0.741713,0.776243,0.925414
5.000000,65,1542,0.771725,0.810636,0.933204
5.000000,70,1191,0.643157,0.678421,0.922754
5.000000,75,1008,0.539683,0.630952,0.913690
5.000000,80,56,0.482143,0.553571,0.892857
6.000000,15,68,0.955882,0.941176,0.897059
6.000000,20,135,0.955556,0.933333,0.866667
6.000000,25,131,0.954198,0.931298,0.854962
6.000000,30,2184,0.953297,0.923077,0.780220
6.000000,35,2805,0.930125,0.896970,0.844920
6.000000,40,2376,0.917508,0.877946,0.802189
6.000000,45,3481,0.922149,0.912956,0.827636
6.000000,50,1163,0.883921,0.914015,0.765262
6.000000,55,1961,0.749108,0.827129,0.821520
6.000000,60,2769,0.817624,0.841098,0.877573
6.000000,65,2574,0.841103,0.862471,0.886558
6.000000,70,1899,0.707214,0.740390,0.895208
6.000000,75,1397,0.569792,0.652112,0.850394
6.000000,80,75,0.546667,0.626667,0.840000
7.000000,15,168,0.982143,0.970238,0.940476
7.000000,20,692,0.986994,0.966763,0.926301
7.000000,25,306,0.990196,0.980392,0.869281
7.000000,30,5892,0.980652,0.965377,0.882553
7.000000,35,5780,0.961765,0.930450,0.901038
7.000000,40,4716,0.948685,0.926421,0.874046
7.000000,45,6412,0.960387,0.953837,0.895352
7.000000,50,1970,0.930457,0.947716,0.846701
7.000000,55,2995,0.779967,0.847412,0.847746
7.000000,60,3437,0.847251,0.870236,0.883619
7.000000,65,3344,0.889055,0.900120,0.920455
7.000000,70,2286,0.764217,0.789151,0.910324
7.000000,75,1651,0.620230,0.700787,0.862508
7.000000,80,77,0.610390,0.714286,0.870130
8.000000,15,208,0.966346,0.961538,0.937500
8.000000,20,410,0.980488,0.970732,0.921951
8.000000,25,255,0.988235,0.976471,0.901961
8.000000,30,5802,0.980869,0.965357,0.881420
8.000000,35,5767,0.964626,0.933588,0.900988
8.000000,40,4492,0.949020,0.923197,0.869991
8.000000,45,6051,0.962816,0.957032,0.900017
8.000000,50,1716,0.925408,0.941725,0.844406
8.000000,55,2497,0.818983,0.866239,0.868242
8.000000,60,2915,0.858662,0.882333,0.906690
8.000000,65,2842,0.902182,0.913089,0.935961
8.000000,70,2029,0.783637,0.810744,0.916215
8.000000,75,1248,0.655449,0.720353,0.866987
8.000000,80,59,0.694915,0.762712,0.915254
9.000000,15,195,0.984615,0.984615,0.958974
9.000000,20,256,0.968750,0.964844,0.914062
9.000000,25,192,0.973958,0.968750,0.854167
9.000000,30,4467,0.980076,0.964182,0.873293
9.000000,35,4668,0.960583,0.930591,0.894173
9.000000,40,3807,0.945626,0.927239,0.866562
9.000000,45,4871,0.958530,0.948676,0.888729
9.000000,50,1401,0.911492,0.927909,0.827266
9.000000,55,1957,0.808891,0.859479,0.872764
9.000000,60,2158,0.858665,0.876274,0.897127
9.000000,65,2052,0.873782,0.885965,0.907895
9.000000,70,1507,0.769741,0.790312,0.910418
9.000000,75,1083,0.630656,0.713758,0.861496
9.000000,80,60,0.583333,0.683333,0.816667
10.000000,15,290,0.989655,0.982759,0.965517
10.000000,20,302,0.973510,0.963576,0.903974
10.000000,25,213,0.976526,0.957746,0.868545
10.000000,30,4906,0.979005,0.962903,0.885650
10.000000,35,5164,0.961077,0.939194,0.902014
10.000000,40,4206,0.945554,0.920114,0.862102
10.000000,45,5409,0.960251,0.955630,0.898502
10.000000,50,1425,0.917193,0.940351,0.837193
10.000000,55,2001,0.799100,0.843078,0.861069
10.000000,60,2126,0.829257,0.850894,0.874412
10.000000,65,1927,0.893098,0.905034,0.927867
10.000000,70,1429,0.761372,0.783765,0.918125
10.000000,75,1137,0.671944,0.715040,0.866315
10.000000,80,49,0.632653,0.632653,0.816327
11.000000,15,333,0.981982,0.972973,0.957958
11.000000,20,321,0.965732,0.956386,0.909657
11.000000,25,265,0.973585,0.966038,0.909434
11.000000,30,5829,0.981644,0.968091,0.893807
11.000000,35,6331,0.965724,0.939346,0.906018
11.000000,40,5109,0.951850,0.931493,0.872774
11.000000,45,6578,0.956370,0.951961,0.892521
11.000000,50,1699,0.922896,0.935845,0.828134
11.000000,55,2341,0.788552,0.848355,0.851346
11.000000,60,2288,0.834790,0.866696,0.883304
11.000000,65,2017,0.877541,0.894398,0.916708
11.000000,70,1513,0.749504,0.770654,0.900198
11.000000,75,1310,0.662595,0.725954,0.867939
11.000000,80,61,0.688525,0.721311,0.901639
12.000000,15,357,0.977591,0.969188,0.952381
12.000000,20,430,0.979070,0.972093,0.953488
12.000000,25,290,0.975862,0.962069,0.886207
12.000000,30,7184,0.980234,0.968402,0.893513
12.000000,35,7896,0.965299,0.941363,0.913374
12.000000,40,6519,0.960730,0.938794,0.894002
12.000000,45,8477,0.966616,0.961543,0.916480
12.000000,50,2104,0.934886,0.956749,0.863593
12.000000,55,2774,0.825162,0.867700,0.876712
12.000000,60,2683,0.855013,0.881476,0.890421
12.000000,65,2438,0.890894,0.917966,0.932732
12.000000,70,1701,0.762493,0.793651,0.902410
12.000000,75,1378,0.693033,0.753266,0.883890
12.000000,80,81,0.617284,0.703704,0.839506
13.000000,15,445,0.977528,0.973034,0.948315
13.000000,20,413,0.975787,0.963680,0.915254
13.000000,25,301,0.970100,0.946844,0.870432
13.000000,30,6944,0.977823,0.966734,0.886377
13.000000,35,7420,0.968059,0.945687,0.917925
13.000000,40,6282,0.956861,0.940942,0.900828
13.000000,45,8280,0.961957,0.957971,0.907971
13.000000,50,2107,0.943522,0.957285,0.869957
13.000000,55,2862,0.831586,0.868623,0.879804
13.000000,60,2824,0.871459,0.889518,0.908286
13.000000,65,2556,0.901017,0.918623,0.933490
13.000000,70,1729,0.769231,0.793522,0.909774
13.000000,75,1416,0.696328,0.771893,0.896186
13.000000,80,66,0.696970,0.681818,0.848485
14.000000,15,433,0.979215,0.974596,0.953811
14.000000,20,530,0.973585,0.966038,0.916981
14.000000,25,351,0.982906,0.971510,0.877493
14.000000,30,7365,0.979226,0.965377,0.891242
14.000000,35,8050,0.968199,0.948944,0.920745
14.000000,40,6466,0.961182,0.941850,0.897928
14.000000,45,8549,0.965961,0.961867,0.914025
14.000000,50,2146,0.934296,0.945946,0.859739
14.000000,55,2911,0.827551,0.882858,0.881828
14.000000,60,3019,0.875787,0.893342,0.906923
14.000000,65,2986,0.904555,0.923309,0.934360
14.000000,70,2001,0.785107,0.815092,0.912544
14.000000,75,1593,0.684244,0.751412,0.895166
14.000000,80,72,0.611111,0.666667,0.833333
15.000000,15,468,0.974359,0.967949,0.950855
15.000000,20,795,0.981132,0.974843,0.952201
15.000000,25,479,0.968685,0.964509,0.891441
15.000000,30,9007,0.981681,0.972688,0.905629
15.000000,35,9607,0.972312,0.952743,0.927657
15.000000,40,7408,0.969897,0.951809,0.919141
15.000000,45,10063,0.973765,0.970387,0.934811
15.000000,50,2469,0.948562,0.963143,0.893884
15.000000,55,3387,0.842338,0.894006,0.893711
15.000000,60,3620,0.885912,0.907735,0.918785
15.000000,65,3494,0.922725,0.939038,0.945049
15.000000,70,2283,0.794131,0.820412,0.915024
15.000000,75,1616,0.696782,0.766708,0.891089
15.000000,80,83,0.614458,0.686747,0.819277
16.000000,15,440,0.984091,0.979545,0.956818
16.000000,20,604,0.971854,0.966887,0.922185
16.000000,25,507,0.976331,0.966469,0.909270
16.000000,30,9659,0.981572,0.973600,0.908065
16.000000,35,10584,0.972978,0.954743,0.929327
16.000000,40,8289,0.966462,0.952588,0.914103
16.000000,45,11239,0.975354,0.971617,0.937539
16.000000,50,2901,0.950017,0.960014,0.887280
16.000000,55,3869,0.850090,0.900750,0.903593
16.000000,60,4086,0.881791,0.905042,0.913118
16.000000,65,4136,0.928917,0.940039,0.947050
16.000000,70,2640,0.817424,0.835985,0.920076
16.000000,75,1660,0.683735,0.737349,0.887349
16.000000,80,101,0.722772,0.762376,0.881188
17.000000,15,482,0.977178,0.977178,0.946058
17.000000,20,458,0.962882,0.956332,0.910480
17.000000,25,437,0.965675,0.949657,0.871854
17.000000,30,9233,0.980288,0.972923,0.907397
17.000000,35,10745,0.977571,0.958585,0.936715
17.000000,40,8664,0.969183,0.951870,0.919552
17.000000,45,12223,0.976520,0.970875,0.937086
17.000000,50,2906,0.953889,0.966277,0.896421
17.000000,55,4234,0.858999,0.909778,0.905291
17.000000,60,4399,0.888156,0.910434,0.919982
17.000000,65,4612,0.921075,0.938205,0.946661
17.000000,70,2857,0.814141,0.845292,0.937697
17.000000,75,1768,0.700792,0.775452,0.897059
17.000000,80,93,0.666667,0.731183,0.838710
18.000000,15,383,0.979112,0.966057,0.947781
18.000000,20,439,0.974943,0.963554,0.902050
18.000000,25,386,0.976684,0.948187,0.888601
18.000000,30,7584,0.978112,0.966508,0.892932
18.000000,35,8803,0.968874,0.950358,0.928206
18.000000,40,6981,0.967770,0.949577,0.915055
18.000000,45,9671,0.970737,0.965774,0.927308
18.000000,50,2456,0.938111,0.956433,0.873371
18.000000,55,3476,0.847814,0.898446,0.899597
18.000000,60,3709,0.871394,0.907253,0.910218
18.000000,65,3818,0.907805,0.930330,0.935568
18.000000,70,2531,0.806796,0.838799,0.933623
18.000000,75,1533,0.667319,0.750163,0.887149
18.000000,80,88,0.704545,0.784091,0.863636
19.000000,15,330,0.984848,0.966667,0.927273
19.000000,20,348,0.982759,0.979885,0.928161
19.000000,25,290,0.944828,0.931034,0.882759
19.000000,30,5701,0.971233,0.959305,0.878618
19.000000,35,6412,0.963350,0.938241,0.908297
19.000000,40,4896,0.957516,0.940155,0.897467
19.000000,45,6779,0.956778,0.954123,0.901608
19.000000,50,1595,0.927900,0.939812,0.849530
19.000000,55,2346,0.800938,0.854646,0.868713
19.000000,60,2445,0.842945,0.874438,0.890389
19.000000,65,2336,0.892551,0.911387,0.919949
19.000000,70,1716,0.788462,0.821678,0.926573
19.000000,75,1325,0.675472,0.763019,0.901887
19.000000,80,66,0.560606,0.757576,0.893939
20.000000,15,243,0.958848,0.950617,0.925926
20.000000,20,273,0.956044,0.941392,0.879121
20.000000,25,268,0.962687,0.932836,0.843284
20.000000,30,4494,0.962617,0.948821,0.865599
20.000000,35,4883,0.958018,0.925865,0.887774
20.000000,40,3770,0.938462,0.917241,0.869761
20.000000,45,5380,0.953717,0.946097,0.886617
20.000000,50,1256,0.912420,0.933917,0.810510
20.000000,55,1959,0.765697,0.832568,0.834609
20.000000,60,2005,0.818454,0.855362,0.867332
20.000000,65,1825,0.859178,0.883288,0.900822
20.000000,70,1430,0.723077,0.765734,0.894406
20.000000,75,1196,0.653010,0.739967,0.894649
20.000000,80,71,0.577465,0.718310,0.845070
21.000000,15,195,0.969231,0.958974,0.928205
21.000000,20,229,0.965066,0.947598,0.877729
21.000000,25,268,0.936567,0.925373,0.802239
21.000000,30,3961,0.948750,0.929563,0.816965
21.000000,35,4236,0.934608,0.897545,0.852691
21.000000,40,3165,0.901738,0.873302,0.780411
21.000000,45,4576,0.919143,0.909747,0.818400
21.000000,50,1154,0.867418,0.894281,0.723570
21.000000,55,1739,0.714779,0.791259,0.793560
21.000000,60,1813,0.779371,0.811362,0.844457
21.000000,65,1780,0.820225,0.853371,0.875843
21.000000,70,1384,0.677746,0.716040,0.880058
21.000000,75,1232,0.560877,0.664773,0.855519
21.000000,80,48,0.375000,0.395833,0.708333
22.000000,15,157,0.955414,0.949045,0.955414
22.000000,20,218,0.944954,0.926606,0.944954
22.000000,25,217,0.967742,0.944700,0.967742
22.000000,30,3259,0.926971,0.901810,0.924210
22.000000,35,3459,0.902284,0.867303,0.950853
22.000000,40,2560,0.909766,0.875391,0.956641
22.000000,45,3551,0.904816,0.897494,0.961138
22.000000,50,932,0.837983,0.866953,0.915236
22.000000,55,1408,0.625000,0.712358,0.888494
22.000000,60,1632,0.727941,0.770221,0.911152
22.000000,65,1585,0.784858,0.811987,0.942587
22.000000,70,1255,0.641434,0.685259,0.925100
22.000000,75,933,0.511254,0.650589,0.909968
22.000000,80,50,0.340000,0.460000,0.900000
23.000000,15,131,0.900763,0.870229,0.900763
23.000000,20,156,0.916667,0.884615,0.916667
23.000000,25,165,0.872727,0.836364,0.854545
23.000000,30,2693,0.900111,0.873375,0.895284
23.000000,35,2589,0.900734,0.856701,0.950946
23.000000,40,1791,0.879397,0.831379,0.938582
23.000000,45,2601,0.862361,0.858900,0.938870
23.000000,50,646,0.797214,0.823529,0.874613
23.000000,55,1083,0.553093,0.660203,0.855032
23.000000,60,1334,0.697151,0.724888,0.916792
23.000000,65,1323,0.748299,0.786848,0.938020
23.000000,70,1064,0.599624,0.625000,0.898496
23.000000,75,792,0.441919,0.558081,0.898990
23.000000,80,44,0.318182,0.431818,0.840909
