hour,speed_bin,n,n_ka,share_ka
0,15,685,11,0.016058
0,20,920,11,0.011957
0,25,1031,18,0.017459
0,30,13852,399,0.028805
0,35,12725,419,0.032927
0,40,8456,312,0.036897
0,45,12186,440,0.036107
0,50,3222,154,0.047796
0,55,5548,351,0.063266
0,60,7309,410,0.056095
0,65,7426,314,0.042284
0,70,5608,321,0.057240
0,75,4306,274,0.063632
0,80,282,28,0.099291
1,15,566,15,0.026502
1,20,727,9,0.012380
1,25,951,27,0.028391
1,30,11912,341,0.028627
1,35,10337,363,0.035117
1,40,6770,316,0.046677
1,45,9591,470,0.049004
1,50,2532,144,0.056872
1,55,4566,313,0.068550
1,60,6420,355,0.055296
1,65,6698,328,0.048970
1,70,5090,327,0.064244
1,75,4020,256,0.063682
1,80,263,20,0.076046
2,15,704,9,0.012784
2,20,865,18,0.020809
2,25,1123,28,0.024933
2,30,14073,412,0.029276
2,35,12546,488,0.038897
2,40,7866,364,0.046275
2,45,11539,521,0.045151
2,50,2859,172,0.060161
2,55,5078,378,0.074439
2,60,7967,486,0.061002
2,65,8499,444,0.052241
2,70,5799,365,0.062942
2,75,3933,282,0.071701
2,80,219,19,0.086758
3,15,386,10,0.025907
3,20,535,16,0.029907
3,25,594,14,0.023569
3,30,8079,228,0.028221
3,35,6918,269,0.038884
3,40,4431,200,0.045137
3,45,6774,297,0.043844
3,50,1809,114,0.063018
3,55,3811,228,0.059827
3,60,5796,251,0.043306
3,65,6424,282,0.043898
3,70,4801,306,0.063737
3,75,3790,267,0.070449
3,80,236,13,0.055085
4,15,265,1,0.003774
4,20,348,4,0.011494
4,25,468,9,0.019231
4,30,6084,139,0.022847
4,35,5427,183,0.033720
4,40,3970,148,0.037280
4,45,5986,207,0.034581
4,50,1779,80,0.044969
4,55,3825,228,0.059608
4,60,5358,263,0.049085
4,65,6245,251,0.040192
4,70,4771,270,0.056592
4,75,4377,239,0.054604
4,80,251,23,0.091633
5,15,304,4,0.013158
5,20,451,6,0.013304
5,25,517,6,0.011605
5,30,7813,149,0.019071
5,35,8815,183,0.020760
5,40,7151,152,0.021256
5,45,11215,283,0.025234
5,50,3757,123,0.032739
5,55,7108,275,0.038689
5,60,9599,329,0.034274
5,65,10193,283,0.027764
5,70,7510,306,0.040746
5,75,6386,318,0.049796
5,80,322,10,0.031056
6,15,478,4,0.008368
6,20,869,6,0.006904
6,25,861,6,0.006969
6,30,14796,171,0.011557
6,35,18074,215,0.011896
6,40,15924,229,0.014381
6,45,22922,381,0.016622
6,50,7804,135,0.017299
6,55,13163,344,0.026134
6,60,18049,380,0.021054
6,65,17288,292,0.016890
6,70,12686,396,0.031216
6,75,8964,414,0.046185
6,80,478,8,0.016736
7,15,1294,6,0.004637
7,20,4230,13,0.003073
7,25,2101,11,0.005236
7,30,37682,205,0.005440
7,35,37005,310,0.008377
7,40,30935,253,0.008178
7,45,41267,327,0.007924
7,50,12693,156,0.012290
7,55,20285,460,0.022677
7,60,22136,379,0.017121
7,65,22102,313,0.014162
7,70,15262,404,0.026471
7,75,10083,449,0.044530
7,80,549,15,0.027322
8,15,1383,4,0.002892
8,20,2793,6,0.002148
8,25,1895,13,0.006860
8,30,37023,215,0.005807
8,35,37226,255,0.006850
8,40,29704,245,0.008248
8,45,39379,323,0.008202
8,50,11349,115,0.010133
8,55,16408,332,0.020234
8,60,19312,295,0.015275
8,65,19142,238,0.012433
8,70,12888,280,0.021726
8,75,8075,336,0.041610
8,80,490,27,0.055102
9,15,1431,5,0.003494
9,20,1700,6,0.003529
9,25,1479,11,0.007437
9,30,29406,207,0.007039
9,35,30097,238,0.007908
9,40,24812,224,0.009028
9,45,32335,316,0.009773
9,50,9184,122,0.013284
9,55,12795,307,0.023994
9,60,14088,269,0.019094
9,65,13504,236,0.017476
9,70,9858,264,0.026780
9,75,7059,281,0.039807
9,80,370,21,0.056757
10,15,1788,8,0.004474
10,20,1847,8,0.004331
10,25,1526,20,0.013106
10,30,31772,206,0.006484
10,35,32944,253,0.007680
10,40,27199,243,0.008934
10,45,35017,362,0.010338
10,50,9545,138,0.014458
10,55,13320,378,0.028378
10,60,13465,347,0.025771
10,65,12600,238,0.018889
10,70,9143,274,0.029968
10,75,7236,295,0.040768
10,80,358,23,0.064246
11,15,2158,8,0.003707
11,20,2275,5,0.002198
11,25,1772,16,0.009029
11,30,38174,274,0.007178
11,35,39813,315,0.007912
11,40,33267,306,0.009198
11,45,42905,393,0.009160
11,50,11428,145,0.012688
11,55,15532,413,0.026590
11,60,14836,336,0.022648
11,65,13476,233,0.017290
11,70,9720,299,0.030761
11,75,7978,316,0.039609
11,80,359,23,0.064067
12,15,2620,6,0.002290
12,20,2793,16,0.005729
12,25,2090,16,0.007656
12,30,46444,325,0.006998
12,35,49710,406,0.008167
12,40,41745,335,0.008025
12,45,54680,485,0.008870
12,50,14178,150,0.010580
12,55,18441,465,0.025216
12,60,17126,348,0.020320
12,65,16280,282,0.017322
12,70,11387,386,0.033898
12,75,8825,347,0.039320
12,80,417,16,0.038369
13,15,2802,6,0.002141
13,20,2825,11,0.003894
13,25,2175,16,0.007356
13,30,45023,334,0.007418
13,35,47809,355,0.007425
13,40,40038,367,0.009166
13,45,53774,454,0.008443
13,50,13992,195,0.013937
13,55,18555,472,0.025438
13,60,18040,407,0.022561
13,65,17110,294,0.017183
13,70,11892,366,0.030777
13,75,9328,346,0.037093
13,80,403,16,0.039702
14,15,2932,11,0.003752
14,20,3424,18,0.005257
14,25,2538,23,0.009062
14,30,47332,341,0.007204
14,35,50410,417,0.008272
14,40,41046,360,0.008771
14,45,56045,495,0.008832
14,50,14431,207,0.014344
14,55,19405,473,0.024375
14,60,19284,427,0.022143
14,65,19582,329,0.016801
14,70,13056,340,0.026042
14,75,10163,401,0.039457
14,80,510,14,0.027451
15,15,3277,15,0.004577
15,20,5043,16,0.003173
15,25,3275,39,0.011908
15,30,57567,429,0.007452
15,35,60279,451,0.007482
15,40,47620,398,0.008358
15,45,65327,559,0.008557
15,50,16534,195,0.011794
15,55,22505,562,0.024972
15,60,22656,473,0.020877
15,65,23382,359,0.015354
15,70,15317,420,0.027421
15,75,10531,420,0.039882
15,80,584,31,0.053082
16,15,3240,9,0.002778
16,20,4123,21,0.005093
16,25,3442,25,0.007263
16,30,62285,485,0.007787
16,35,67554,517,0.007653
16,40,53754,454,0.008446
16,45,73542,576,0.007832
16,50,18523,223,0.012039
16,55,26112,570,0.021829
16,60,25778,518,0.020095
16,65,27880,395,0.014168
16,70,17123,483,0.028208
16,75,10918,472,0.043231
16,80,639,32,0.050078
17,15,2941,14,0.004760
17,20,3263,28,0.008581
17,25,3075,46,0.014959
17,30,59795,511,0.008546
17,35,67963,544,0.008004
17,40,55216,469,0.008494
17,45,77500,601,0.007755
17,50,19582,249,0.012716
17,55,28219,628,0.022255
17,60,28281,545,0.019271
17,65,30390,408,0.013425
17,70,18671,459,0.024584
17,75,11080,441,0.039801
17,80,631,16,0.025357
18,15,2577,20,0.007761
18,20,2743,16,0.005833
18,25,2672,22,0.008234
18,30,48227,510,0.010575
18,35,55980,592,0.010575
18,40,44685,474,0.010608
18,45,63153,620,0.009817
18,50,15836,253,0.015976
18,55,23113,590,0.025527
18,60,23372,497,0.021265
18,65,24832,379,0.015263
18,70,16454,441,0.026802
18,75,10009,403,0.040264
18,80,549,21,0.038251
19,15,2088,11,0.005268
19,20,2289,31,0.013543
19,25,2182,42,0.019248
19,30,35836,432,0.012055
19,35,39775,530,0.013325
19,40,31233,406,0.012999
19,45,43339,591,0.013637
19,50,10619,215,0.020247
19,55,16096,506,0.031436
19,60,15875,459,0.028913
19,65,15401,356,0.023115
19,70,11147,364,0.032655
19,75,8257,369,0.044689
19,80,421,19,0.045131
20,15,1514,15,0.009908
20,20,1744,12,0.006881
20,25,1772,26,0.014673
20,30,28602,434,0.015174
20,35,31293,503,0.016074
20,40,24414,380,0.015565
20,45,34100,551,0.016158
20,50,8358,175,0.020938
20,55,12856,508,0.039515
20,60,12487,450,0.036037
20,65,11797,328,0.027804
20,70,9033,363,0.040186
20,75,7258,339,0.046707
20,80,377,20,0.053050
21,15,1304,13,0.009969
21,20,1475,21,0.014237
21,25,1579,28,0.017733
21,30,25286,432,0.017085
21,35,27438,476,0.017348
21,40,20903,398,0.019040
21,45,29644,587,0.019802
21,50,7437,197,0.026489
21,55,11551,483,0.041815
21,60,11933,473,0.039638
21,65,11575,363,0.031361
21,70,8760,383,0.043721
21,75,7081,366,0.051688
21,80,343,23,0.067055
22,15,1029,7,0.006803
22,20,1320,15,0.011364
22,25,1469,31,0.021103
22,30,21049,411,0.019526
22,35,22114,436,0.019716
22,40,16582,393,0.023700
22,45,22989,527,0.022924
22,50,5852,197,0.033664
22,55,9527,400,0.041986
22,60,10513,402,0.038238
22,65,10168,296,0.029111
22,70,7820,336,0.042967
22,75,6046,327,0.054085
22,80,348,16,0.045977
23,15,841,5,0.005945
23,20,1022,16,0.015656
23,25,1238,25,0.020194
23,30,16706,388,0.023225
23,35,16833,406,0.024119
23,40,11690,393,0.033618
23,45,16213,459,0.028311
23,50,4110,139,0.033820
23,55,7053,388,0.055012
23,60,8704,385,0.044233
23,65,8678,303,0.034916
23,70,6707,323,0.048159
23,75,5077,277,0.054560
23,80,293,19,0.064846
